Workbook

Sheet 소스매핑
A1: 국적 | B1: 1차 데이터소스(공시)
A2: 미국 | B2: SEC EDGAR | D2: 규칙: 한국=DART, 미국 비상장=뉴스, 그 외=국적별 매핑(VLOOKUP)
A3: 중국 | B3: 중국거래소 공시 / FMP
A4: 유럽 | B4: FMP / 현지공시
A5: 일본 | B5: EDINET / FMP
A6: 캐나다 | B6: SEC EDGAR / FMP
A7: 스위스 | B7: FMP / 현지공시
A8: 독일 | B8: FMP / 현지공시
A9: 스웨덴 | B9: FMP / 현지공시
A10: 말레이시아 | B10: 뉴스·보도자료

Sheet 워치리스트
A1: 기업명 | B1: 구분 | C1: 산업·제품 | D1: 국적 | E1: 상장여부 | F1: 거래소·티커 | G1: 에이스 관계 | H1: 데이터소스(공시) | I1: 모니터링 등급 | J1: 비고
A2: Fluence Energy | B2: 파트너 | C2: ESS 시스템통합(SI) | D2: 미국 | E2: 상장 | F2: NASDAQ:FLNC | G2: 핵심 고객 | H2: =IF(D2="한국","DART (전자공시)",IF(E2="비상장","뉴스·보도자료",IFERROR(VLOOKUP(D2,소스매핑!$A$2:$B$10,2,FALSE()),"FMP"))) -> SEC EDGAR | I2: 핵심 | J2: 최대 고객 — 백로그=발주 선행지표
A3: Powin | B3: 파트너 | C3: ESS SI | D3: 미국 | E3: 비상장 | F3: - | G3: (전) 주요 고객 | H3: =IF(D3="한국","DART (전자공시)",IF(E3="비상장","뉴스·보도자료",IFERROR(VLOOKUP(D3,소스매핑!$A$2:$B$10,2,FALSE()),"FMP"))) -> 뉴스·보도자료 | I3: 높음 | J3: 2024 Chapter11 파산 — 집중리스크 현실화
A4: AES | B4: 파트너 | C4: 발전·디벨로퍼 | D4: 미국 | E4: 상장 | F4: NYSE:AES | G4: 프로젝트 발주처 | H4: =IF(D4="한국","DART (전자공시)",IF(E4="비상장","뉴스·보도자료",IFERROR(VLOOKUP(D4,소스매핑!$A$2:$B$10,2,FALSE()),"FMP"))) -> SEC EDGAR | I4: 중간 | J4: Fluence 합작 모회사
A5: Canadian Solar (e-Storage) | B5: 파트너 | C5: 태양광·ESS | D5: 캐나다 | E5: 상장 | F5: NASDAQ:CSIQ | G5: 잠재 고객 | H5: =IF(D5="한국","DART (전자공시)",IF(E5="비상장","뉴스·보도자료",IFERROR(VLOOKUP(D5,소스매핑!$A$2:$B$10,2,FALSE()),"FMP"))) -> SEC EDGAR / FMP | I5: 중간
A6: SolarEdge | B6: 파트너 | C6: 인버터·ESS | D6: 미국 | E6: 상장 | F6: NASDAQ:SEDG | G6: 잠재 고객 | H6: =IF(D6="한국","DART (전자공시)",IF(E6="비상장","뉴스·보도자료",IFERROR(VLOOKUP(D6,소스매핑!$A$2:$B$10,2,FALSE()),"FMP"))) -> SEC EDGAR | I6: 낮음
A7: GE Vernova | B7: 파트너 | C7: 발전설비 | D7: 미국 | E7: 상장 | F7: NYSE:GEV | G7: 잠재 고객 | H7: =IF(D7="한국","DART (전자공시)",IF(E7="비상장","뉴스·보도자료",IFERROR(VLOOKUP(D7,소스매핑!$A$2:$B$10,2,FALSE()),"FMP"))) -> SEC EDGAR | I7: 낮음
A8: Honeywell | B8: 파트너 | C8: 산업·에너지 | D8: 미국 | E8: 상장 | F8: NASDAQ:HON | G8: 잠재 고객 | H8: =IF(D8="한국","DART (전자공시)",IF(E8="비상장","뉴스·보도자료",IFERROR(VLOOKUP(D8,소스매핑!$A$2:$B$10,2,FALSE()),"FMP"))) -> SEC EDGAR | I8: 낮음
A9: Bloom Energy | B9: 파트너 | C9: 연료전지·전력 | D9: 미국 | E9: 상장 | F9: NYSE:BE | G9: 잠재 고객 | H9: =IF(D9="한국","DART (전자공시)",IF(E9="비상장","뉴스·보도자료",IFERROR(VLOOKUP(D9,소스매핑!$A$2:$B$10,2,FALSE()),"FMP"))) -> SEC EDGAR | I9: 낮음
A10: Caterpillar | B10: 파트너 | C10: 발전·산업 | D10: 미국 | E10: 상장 | F10: NYSE:CAT | G10: 잠재 고객 | H10: =IF(D10="한국","DART (전자공시)",IF(E10="비상장","뉴스·보도자료",IFERROR(VLOOKUP(D10,소스매핑!$A$2:$B$10,2,FALSE()),"FMP"))) -> SEC EDGAR | I10: 낮음
A11: Sumitomo Electric | B11: 파트너 | C11: 전선·전력 | D11: 일본 | E11: 상장 | F11: TSE:5802 | G11: 잠재 고객 | H11: =IF(D11="한국","DART (전자공시)",IF(E11="비상장","뉴스·보도자료",IFERROR(VLOOKUP(D11,소스매핑!$A$2:$B$10,2,FALSE()),"FMP"))) -> EDINET / FMP | I11: 낮음
A12: TMEIC | B12: 파트너 | C12: 인버터·PCS | D12: 일본 | E12: 비상장 | F12: - | G12: 잠재 고객 | H12: =IF(D12="한국","DART (전자공시)",IF(E12="비상장","뉴스·보도자료",IFERROR(VLOOKUP(D12,소스매핑!$A$2:$B$10,2,FALSE()),"FMP"))) -> 뉴스·보도자료 | I12: 낮음 | J12: 합작사
A13: ABB | B13: 파트너 | C13: 전력·자동화 | D13: 스위스 | E13: 상장 | F13: SIX:ABBN | G13: 잠재 고객 | H13: =IF(D13="한국","DART (전자공시)",IF(E13="비상장","뉴스·보도자료",IFERROR(VLOOKUP(D13,소스매핑!$A$2:$B$10,2,FALSE()),"FMP"))) -> FMP / 현지공시 | I13: 낮음
A14: Siemens | B14: 파트너 | C14: 전력·산업 | D14: 독일 | E14: 상장 | F14: XETRA:SIE | G14: 잠재 고객 | H14: =IF(D14="한국","DART (전자공시)",IF(E14="비상장","뉴스·보도자료",IFERROR(VLOOKUP(D14,소스매핑!$A$2:$B$10,2,FALSE()),"FMP"))) -> FMP / 현지공시 | I14: 낮음
A15: Samsung SDI | B15: 파트너 | C15: 배터리셀 | D15: 한국 | E15: 상장 | F15: KOSPI:006400 | G15: 셀 공급(coopetition) | H15: =IF(D15="한국","DART (전자공시)",IF(E15="비상장","뉴스·보도자료",IFERROR(VLOOKUP(D15,소스매핑!$A$2:$B$10,2,FALSE()),"FMP"))) -> DART (전자공시) | I15: 중간 | J15: 외함 고객이자 셀 경쟁축
A16: LG Energy Solution | B16: 파트너 | C16: 배터리셀 | D16: 한국 | E16: 상장 | F16: KOSPI:373220 | G16: 셀 공급(coopetition) | H16: =IF(D16="한국","DART (전자공시)",IF(E16="비상장","뉴스·보도자료",IFERROR(VLOOKUP(D16,소스매핑!$A$2:$B$10,2,FALSE()),"FMP"))) -> DART (전자공시) | I16: 중간
A17: SK on | B17: 파트너 | C17: 배터리셀 | D17: 한국 | E17: 비상장 | F17: SK이노 자회사 | G17: 셀 공급 | H17: =IF(D17="한국","DART (전자공시)",IF(E17="비상장","뉴스·보도자료",IFERROR(VLOOKUP(D17,소스매핑!$A$2:$B$10,2,FALSE()),"FMP"))) -> DART (전자공시) | I17: 중간 | J17: SK이노베이션 공시
A18: KEPCO | B18: 파트너 | C18: 전력공사 | D18: 한국 | E18: 상장 | F18: KOSPI:015760 | G18: 발주처 | H18: =IF(D18="한국","DART (전자공시)",IF(E18="비상장","뉴스·보도자료",IFERROR(VLOOKUP(D18,소스매핑!$A$2:$B$10,2,FALSE()),"FMP"))) -> DART (전자공시) | I18: 낮음
A19: LS Electric | B19: 파트너 | C19: 전력기기 | D19: 한국 | E19: 상장 | F19: KOSPI:010120 | G19: 잠재 고객 | H19: =IF(D19="한국","DART (전자공시)",IF(E19="비상장","뉴스·보도자료",IFERROR(VLOOKUP(D19,소스매핑!$A$2:$B$10,2,FALSE()),"FMP"))) -> DART (전자공시) | I19: 낮음
A20: Hyosung Heavy | B20: 파트너 | C20: 중전기 | D20: 한국 | E20: 상장 | F20: KOSPI | G20: 잠재 고객 | H20: =IF(D20="한국","DART (전자공시)",IF(E20="비상장","뉴스·보도자료",IFERROR(VLOOKUP(D20,소스매핑!$A$2:$B$10,2,FALSE()),"FMP"))) -> DART (전자공시) | I20: 낮음
A21: Hanwha Energy | B21: 파트너 | C21: 에너지·디벨로퍼 | D21: 한국 | E21: 비상장 | F21: - | G21: 발주처 | H21: =IF(D21="한국","DART (전자공시)",IF(E21="비상장","뉴스·보도자료",IFERROR(VLOOKUP(D21,소스매핑!$A$2:$B$10,2,FALSE()),"FMP"))) -> DART (전자공시) | I21: 낮음
A22: Envision AESC | B22: 파트너 | C22: 배터리셀 | D22: 중국 | E22: 비상장 | F22: - | G22: 셀 공급 | H22: =IF(D22="한국","DART (전자공시)",IF(E22="비상장","뉴스·보도자료",IFERROR(VLOOKUP(D22,소스매핑!$A$2:$B$10,2,FALSE()),"FMP"))) -> 뉴스·보도자료 | I22: 중간
A23: Northvolt | B23: 파트너 | C23: 배터리셀 | D23: 스웨덴 | E23: 비상장 | F23: - | G23: 셀 공급 | H23: =IF(D23="한국","DART (전자공시)",IF(E23="비상장","뉴스·보도자료",IFERROR(VLOOKUP(D23,소스매핑!$A$2:$B$10,2,FALSE()),"FMP"))) -> 뉴스·보도자료 | I23: 높음 | J23: 2024 자금난·파산 — 리스크 신호
A24: CATL | B24: 경쟁사 | C24: 배터리+ESS 일체 | D24: 중국 | E24: 상장 | F24: SZSE:300750 | G24: 경쟁(+셀 고객 가능) | H24: =IF(D24="한국","DART (전자공시)",IF(E24="비상장","뉴스·보도자료",IFERROR(VLOOKUP(D24,소스매핑!$A$2:$B$10,2,FALSE()),"FMP"))) -> 중국거래소 공시 / FMP | I24: 높음 | J24: 글로벌 과반 — IRA로 미국 제한
A25: BYD | B25: 경쟁사 | C25: 배터리+ESS | D25: 중국 | E25: 상장 | F25: SZSE:002594 | G25: 경쟁 | H25: =IF(D25="한국","DART (전자공시)",IF(E25="비상장","뉴스·보도자료",IFERROR(VLOOKUP(D25,소스매핑!$A$2:$B$10,2,FALSE()),"FMP"))) -> 중국거래소 공시 / FMP | I25: 높음
A26: Sungrow | B26: 경쟁사 | C26: PCS+ESS | D26: 중국 | E26: 상장 | F26: SZSE:300274 | G26: 경쟁 | H26: =IF(D26="한국","DART (전자공시)",IF(E26="비상장","뉴스·보도자료",IFERROR(VLOOKUP(D26,소스매핑!$A$2:$B$10,2,FALSE()),"FMP"))) -> 중국거래소 공시 / FMP | I26: 높음
A27: TLS Energy | B27: 경쟁사 | C27: ESS 인클로저 | D27: 말레이시아 | E27: 비상장 | F27: - | G27: 직접 경쟁(동일 포지션) | H27: =IF(D27="한국","DART (전자공시)",IF(E27="비상장","뉴스·보도자료",IFERROR(VLOOKUP(D27,소스매핑!$A$2:$B$10,2,FALSE()),"FMP"))) -> 뉴스·보도자료 | I27: 높음 | J27: 가장 직접적 경쟁사
A28: Rittal | B28: 경쟁사 | C28: 인클로저·캐비닛 | D28: 독일 | E28: 비상장 | F28: - | G28: 부분 경쟁 | H28: =IF(D28="한국","DART (전자공시)",IF(E28="비상장","뉴스·보도자료",IFERROR(VLOOKUP(D28,소스매핑!$A$2:$B$10,2,FALSE()),"FMP"))) -> 뉴스·보도자료 | I28: 낮음 | J28: Friedhelm Loh 그룹
A29: 신성에스티 | B29: 경쟁사 | C29: 배터리부품·ESS | D29: 한국 | E29: 상장 | F29: KOSDAQ | G29: 국내 추격 | H29: =IF(D29="한국","DART (전자공시)",IF(E29="비상장","뉴스·보도자료",IFERROR(VLOOKUP(D29,소스매핑!$A$2:$B$10,2,FALSE()),"FMP"))) -> DART (전자공시) | I29: 중간 | J29: 미국 켄터키 공장 증설

Sheet 요약
A1: 구분별 집계
A3: 구분 | B3: 건수 | D3: 모니터링 등급 | E3: 건수
A4: 파트너 | B4: =COUNTIF(워치리스트!$B$2:$B$29,A4) -> 22 | D4: 핵심 | E4: =COUNTIF(워치리스트!$I$2:$I$29,D4) -> 1
A5: 경쟁사 | B5: =COUNTIF(워치리스트!$B$2:$B$29,A5) -> 6 | D5: 높음 | E5: =COUNTIF(워치리스트!$I$2:$I$29,D5) -> 6
D6: 중간 | E6: =COUNTIF(워치리스트!$I$2:$I$29,D6) -> 7
D7: 낮음 | E7: =COUNTIF(워치리스트!$I$2:$I$29,D7) -> 14
A8: 국적별 집계
A9: 국적 | B9: 건수
A10: 한국 | B10: =COUNTIF(워치리스트!$D$2:$D$29,"한국") -> 8
A11: 미국 | B11: =COUNTIF(워치리스트!$D$2:$D$29,"미국") -> 8
A12: 중국 | B12: =COUNTIF(워치리스트!$D$2:$D$29,"중국") -> 4
A13: 일본 | B13: =COUNTIF(워치리스트!$D$2:$D$29,"일본") -> 2
A14: 유럽·기타 | B14: =COUNTA(워치리스트!$D$2:$D$29)-SUM(B10:B13) -> 6

Sheet 출처·주석
A1: 출처 / 주석
A2: · 기업 목록: 에이스엔지니어링 홈페이지 파트너 페이지(공개) + 사업기획 대시보드 경쟁사 정의
A3: · 상장·티커: 2025년 공개정보 기준 추정 — 실제 업무 시 각 거래소·DART/SEC에서 재확인 필요
A4: · 데이터소스(H열): 한국=DART, 미국 비상장=뉴스, 그 외=국적별 매핑(VLOOKUP) 자동 산출
A5: · 모니터링 등급: 에이스 수주영향·집중리스크 관점의 정성 평가(예시)
A6: · 활용: 공개 파트너 건전성 + 경쟁사 동향 모니터링 → '제2의 Powin' 조기경보
